source;folder;type;number;chapter;pdf_page;book_page;status;png;svg;caption
Atomic and Molecular Physics;atomic_molecular_figures_tables/capitolo_01;Figure;1.1;;;;ricreata_da_verificare;tutte_le_figure_ricreate_ordinate/atomic_molecular_figures_tables/capitolo_01/figura_1_1__pdf_043__pag_1-15__recreated.png;tutte_le_figure_ricreate_ordinate/atomic_molecular_figures_tables/capitolo_01/figura_1_1__pdf_043__pag_1-15__recreated.svg;
Atomic and Molecular Physics;atomic_molecular_figures_tables/capitolo_01;Figure;1.2;1;45;1-17;ricreata_da_verificare;tutte_le_figure_ricreate_ordinate/atomic_molecular_figures_tables/capitolo_01/figura_1_2__pdf_045__pag_1-17__recreated.png;tutte_le_figure_ricreate_ordinate/atomic_molecular_figures_tables/capitolo_01/figura_1_2__pdf_045__pag_1-17__recreated.svg;Coordinate della teoria di Sommerfeld e orbite per i primi tre stati dell'idrogeno.
Atomic and Molecular Physics;atomic_molecular_figures_tables/capitolo_02;Table;2.1;2;55;2-4;ricreata_da_verificare;tutte_le_figure_ricreate_ordinate/atomic_molecular_figures_tables/capitolo_02/tabella_2_1__pdf_055__pag_2-4__recreated.png;tutte_le_figure_ricreate_ordinate/atomic_molecular_figures_tables/capitolo_02/tabella_2_1__pdf_055__pag_2-4__recreated.svg;Corrispondenza tra alcune grandezze classiche e i rispettivi operatori quantistici.
Atomic and Molecular Physics;atomic_molecular_figures_tables/capitolo_03;Figure;3.1;;;;ricreata_da_verificare;tutte_le_figure_ricreate_ordinate/atomic_molecular_figures_tables/capitolo_03/figura_3_1__pdf_081__pag_3-3__recreated.png;tutte_le_figure_ricreate_ordinate/atomic_molecular_figures_tables/capitolo_03/figura_3_1__pdf_081__pag_3-3__recreated.svg;
Atomic and Molecular Physics;atomic_molecular_figures_tables/capitolo_03;Table;3.1;3;84;3-6;ricreata_da_verificare;tutte_le_figure_ricreate_ordinate/atomic_molecular_figures_tables/capitolo_03/tabella_3_1__pdf_084__pag_3-6__recreated.png;tutte_le_figure_ricreate_ordinate/atomic_molecular_figures_tables/capitolo_03/tabella_3_1__pdf_084__pag_3-6__recreated.svg;Prime armoniche sferiche normalizzate.
Atomic and Molecular Physics;atomic_molecular_figures_tables/capitolo_03;Figure;3.2;3;85;3-7;ricreata_da_verificare;tutte_le_figure_ricreate_ordinate/atomic_molecular_figures_tables/capitolo_03/figura_3_2__pdf_085__pag_3-7__recreated.png;tutte_le_figure_ricreate_ordinate/atomic_molecular_figures_tables/capitolo_03/figura_3_2__pdf_085__pag_3-7__recreated.svg;Precessione e orientazioni consentite di L per l uguale a 1 e 2.
Atomic and Molecular Physics;atomic_molecular_figures_tables/capitolo_03;Table;3.2;3;86;3-8;ricreata_da_verificare;tutte_le_figure_ricreate_ordinate/atomic_molecular_figures_tables/capitolo_03/tabella_3_2__pdf_086__pag_3-8__recreated.png;tutte_le_figure_ricreate_ordinate/atomic_molecular_figures_tables/capitolo_03/tabella_3_2__pdf_086__pag_3-8__recreated.svg;Alcune funzioni radiali normalizzate dell'atomo di idrogeno.
Atomic and Molecular Physics;atomic_molecular_figures_tables/capitolo_03;Figure;3.3;;;;ricreata_da_verificare;tutte_le_figure_ricreate_ordinate/atomic_molecular_figures_tables/capitolo_03/figura_3_3__pdf_087__pag_3-9__recreated.png;tutte_le_figure_ricreate_ordinate/atomic_molecular_figures_tables/capitolo_03/figura_3_3__pdf_087__pag_3-9__recreated.svg;
Atomic and Molecular Physics;atomic_molecular_figures_tables/capitolo_03;Table;3.3;3;92;3-14;ricreata_da_verificare;tutte_le_figure_ricreate_ordinate/atomic_molecular_figures_tables/capitolo_03/tabella_3_3__pdf_092__pag_3-14__recreated.png;tutte_le_figure_ricreate_ordinate/atomic_molecular_figures_tables/capitolo_03/tabella_3_3__pdf_092__pag_3-14__recreated.svg;Classificazione dei primi stati quantici dell'idrogeno.
Atomic and Molecular Physics;atomic_molecular_figures_tables/capitolo_03;Figure;3.4;3;88;3-10;ricreata_da_verificare;tutte_le_figure_ricreate_ordinate/atomic_molecular_figures_tables/capitolo_03/figura_3_4__pdf_088__pag_3-10__recreated.png;tutte_le_figure_ricreate_ordinate/atomic_molecular_figures_tables/capitolo_03/figura_3_4__pdf_088__pag_3-10__recreated.svg;Distribuzioni radiali per alcuni stati n=1,2,3 dell'idrogeno.
Atomic and Molecular Physics;atomic_molecular_figures_tables/capitolo_03;Figure;3.5;3;91;3-13;ricreata_da_verificare;tutte_le_figure_ricreate_ordinate/atomic_molecular_figures_tables/capitolo_03/figura_3_5__pdf_091__pag_3-13__recreated.png;tutte_le_figure_ricreate_ordinate/atomic_molecular_figures_tables/capitolo_03/figura_3_5__pdf_091__pag_3-13__recreated.svg;Livelli energetici e principali serie spettroscopiche dell'idrogeno.
Atomic and Molecular Physics;atomic_molecular_figures_tables/capitolo_03;Figure;3.6;3;94;3-16;ricreata_da_verificare;tutte_le_figure_ricreate_ordinate/atomic_molecular_figures_tables/capitolo_03/figura_3_6__pdf_094__pag_3-16__recreated.png;tutte_le_figure_ricreate_ordinate/atomic_molecular_figures_tables/capitolo_03/figura_3_6__pdf_094__pag_3-16__recreated.svg;Superfici limite qualitative degli orbitali s, p e d.
Atomic and Molecular Physics;atomic_molecular_figures_tables/capitolo_03;Figure;3.7;;;;ricreata_da_verificare;tutte_le_figure_ricreate_ordinate/atomic_molecular_figures_tables/capitolo_03/figura_3_7__pdf_096__pag_3-18__recreated.png;tutte_le_figure_ricreate_ordinate/atomic_molecular_figures_tables/capitolo_03/figura_3_7__pdf_096__pag_3-18__recreated.svg;
Atomic and Molecular Physics;atomic_molecular_figures_tables/capitolo_03;Figure;3.8;3;98;3-20;ricreata_da_verificare;tutte_le_figure_ricreate_ordinate/atomic_molecular_figures_tables/capitolo_03/figura_3_8__pdf_098__pag_3-20__recreated.png;tutte_le_figure_ricreate_ordinate/atomic_molecular_figures_tables/capitolo_03/figura_3_8__pdf_098__pag_3-20__recreated.svg;Precessione di Larmor dei momenti angolare e magnetico in un campo uniforme.
Atomic and Molecular Physics;atomic_molecular_figures_tables/capitolo_03;Figure;3.9;3;99;3-21;ricreata_da_verificare;tutte_le_figure_ricreate_ordinate/atomic_molecular_figures_tables/capitolo_03/figura_3_9__pdf_099__pag_3-21__recreated.png;tutte_le_figure_ricreate_ordinate/atomic_molecular_figures_tables/capitolo_03/figura_3_9__pdf_099__pag_3-21__recreated.svg;Effetto Zeeman normale su livelli s, p e d con risoluzione di una riga in tripletto.
Atomic and Molecular Physics;atomic_molecular_figures_tables/capitolo_03;Figure;3.10;3;100;3-22;ricreata_da_verificare;tutte_le_figure_ricreate_ordinate/atomic_molecular_figures_tables/capitolo_03/figura_3_10__pdf_100__pag_3-22__recreated.png;tutte_le_figure_ricreate_ordinate/atomic_molecular_figures_tables/capitolo_03/figura_3_10__pdf_100__pag_3-22__recreated.svg;Apparato di Stern–Gerlach per la separazione di un fascio atomico.
Atomic and Molecular Physics;atomic_molecular_figures_tables/capitolo_03;Figure;3.11;3;103;3-25;ricreata_da_verificare;tutte_le_figure_ricreate_ordinate/atomic_molecular_figures_tables/capitolo_03/figura_3_11__pdf_103__pag_3-25__recreated.png;tutte_le_figure_ricreate_ordinate/atomic_molecular_figures_tables/capitolo_03/figura_3_11__pdf_103__pag_3-25__recreated.svg;Scissione magnetica dello stato fondamentale dell'idrogeno.
Atomic and Molecular Physics;atomic_molecular_figures_tables/capitolo_03;Figure;3.12;3;105;3-27;ricreata_da_verificare;tutte_le_figure_ricreate_ordinate/atomic_molecular_figures_tables/capitolo_03/figura_3_12__pdf_105__pag_3-27__recreated.png;tutte_le_figure_ricreate_ordinate/atomic_molecular_figures_tables/capitolo_03/figura_3_12__pdf_105__pag_3-27__recreated.svg;Moto orbitale relativo elettrone-nucleo e campo magnetico percepito.
Atomic and Molecular Physics;atomic_molecular_figures_tables/capitolo_03;Figure;3.13;3;107;3-29;ricreata_da_verificare;tutte_le_figure_ricreate_ordinate/atomic_molecular_figures_tables/capitolo_03/figura_3_13__pdf_107__pag_3-29__recreated.png;tutte_le_figure_ricreate_ordinate/atomic_molecular_figures_tables/capitolo_03/figura_3_13__pdf_107__pag_3-29__recreated.svg;Rotazione di Thomas dei riferimenti co-moventi lungo un'orbita circolare.
Atomic and Molecular Physics;atomic_molecular_figures_tables/capitolo_03;Figure;3.14;3;109;3-31;ricreata_da_verificare;tutte_le_figure_ricreate_ordinate/atomic_molecular_figures_tables/capitolo_03/figura_3_14__pdf_109__pag_3-31__recreated.png;tutte_le_figure_ricreate_ordinate/atomic_molecular_figures_tables/capitolo_03/figura_3_14__pdf_109__pag_3-31__recreated.svg;Precessione dei momenti angolari orbitale e di spin con e senza accoppiamento.
Atomic and Molecular Physics;atomic_molecular_figures_tables/capitolo_03;Figure;3.15;3;111;3-33;ricreata_da_verificare;tutte_le_figure_ricreate_ordinate/atomic_molecular_figures_tables/capitolo_03/figura_3_15__pdf_111__pag_3-33__recreated.png;tutte_le_figure_ricreate_ordinate/atomic_molecular_figures_tables/capitolo_03/figura_3_15__pdf_111__pag_3-33__recreated.svg;Scissione spin-orbita dello stato n=2.
Atomic and Molecular Physics;atomic_molecular_figures_tables/capitolo_03;Figure;3.16;3;114;3-36;ricreata_da_verificare;tutte_le_figure_ricreate_ordinate/atomic_molecular_figures_tables/capitolo_03/figura_3_16__pdf_114__pag_3-36__recreated.png;tutte_le_figure_ricreate_ordinate/atomic_molecular_figures_tables/capitolo_03/figura_3_16__pdf_114__pag_3-36__recreated.svg;Struttura fine relativistica dell'idrogeno per n=1,2,3.
Atomic and Molecular Physics;atomic_molecular_figures_tables/capitolo_03;Figure;3.17;3;116;3-38;ricreata_da_verificare;tutte_le_figure_ricreate_ordinate/atomic_molecular_figures_tables/capitolo_03/figura_3_17__pdf_116__pag_3-38__recreated.png;tutte_le_figure_ricreate_ordinate/atomic_molecular_figures_tables/capitolo_03/figura_3_17__pdf_116__pag_3-38__recreated.svg;Spettro dell'idrogeno con struttura fine, Lamb shift e struttura iperfine.
Atomic and Molecular Physics;atomic_molecular_figures_tables/capitolo_03;Figure;3.18;3;119;3-41;ricreata_da_verificare;tutte_le_figure_ricreate_ordinate/atomic_molecular_figures_tables/capitolo_03/figura_3_18__pdf_119__pag_3-41__recreated.png;tutte_le_figure_ricreate_ordinate/atomic_molecular_figures_tables/capitolo_03/figura_3_18__pdf_119__pag_3-41__recreated.svg;Effetto Zeeman anomalo sui multipleti 2P1/2 e 2P3/2.
Atomic and Molecular Physics;atomic_molecular_figures_tables/capitolo_03;Figure;3.19;3;121;3-43;ricreata_da_verificare;tutte_le_figure_ricreate_ordinate/atomic_molecular_figures_tables/capitolo_03/figura_3_19__pdf_121__pag_3-43__recreated.png;tutte_le_figure_ricreate_ordinate/atomic_molecular_figures_tables/capitolo_03/figura_3_19__pdf_121__pag_3-43__recreated.svg;Effetto Stark lineare sul manifold n=2 dell'idrogeno.
Atomic and Molecular Physics;atomic_molecular_figures_tables/capitolo_04;Figure;4.1;;;;ricreata_da_verificare;tutte_le_figure_ricreate_ordinate/atomic_molecular_figures_tables/capitolo_04/figura_4_1__pdf_124__pag_4-2__recreated.png;tutte_le_figure_ricreate_ordinate/atomic_molecular_figures_tables/capitolo_04/figura_4_1__pdf_124__pag_4-2__recreated.svg;
Atomic and Molecular Physics;atomic_molecular_figures_tables/capitolo_04;Figure;4.2;4;134;4-12;ricreata_da_verificare;tutte_le_figure_ricreate_ordinate/atomic_molecular_figures_tables/capitolo_04/figura_4_2__pdf_134__pag_4-12__recreated.png;tutte_le_figure_ricreate_ordinate/atomic_molecular_figures_tables/capitolo_04/figura_4_2__pdf_134__pag_4-12__recreated.svg;Transizioni di dipolo elettrico consentite dalla regola Δl=±1.
Atomic and Molecular Physics;atomic_molecular_figures_tables/capitolo_04;Figure;4.3;4;136;4-14;ricreata_da_verificare;tutte_le_figure_ricreate_ordinate/atomic_molecular_figures_tables/capitolo_04/figura_4_3__pdf_136__pag_4-14__recreated.png;tutte_le_figure_ricreate_ordinate/atomic_molecular_figures_tables/capitolo_04/figura_4_3__pdf_136__pag_4-14__recreated.svg;Relazione tra vita finita dello stato eccitato e larghezza naturale della riga spettrale.
Atomic and Molecular Physics;atomic_molecular_figures_tables/capitolo_04;Figure;4.4;4;137;4-15;ricreata_da_verificare;tutte_le_figure_ricreate_ordinate/atomic_molecular_figures_tables/capitolo_04/figura_4_4__pdf_137__pag_4-15__recreated.png;tutte_le_figure_ricreate_ordinate/atomic_molecular_figures_tables/capitolo_04/figura_4_4__pdf_137__pag_4-15__recreated.svg;Laser pompato otticamente con mezzo attivo, specchi e dimensioni geometriche.
Atomic and Molecular Physics;atomic_molecular_figures_tables/capitolo_04;Figure;4.5;4;140;4-18;ricreata_da_verificare;tutte_le_figure_ricreate_ordinate/atomic_molecular_figures_tables/capitolo_04/figura_4_5__pdf_140__pag_4-18__recreated.png;tutte_le_figure_ricreate_ordinate/atomic_molecular_figures_tables/capitolo_04/figura_4_5__pdf_140__pag_4-18__recreated.svg;Traiettoria assiale amplificata e traiettoria inclinata persa in una cavità laser.
Atomic and Molecular Physics;atomic_molecular_figures_tables/capitolo_04;Figure;4.6;4;141;4-19;ricreata_da_verificare;tutte_le_figure_ricreate_ordinate/atomic_molecular_figures_tables/capitolo_04/figura_4_6__pdf_141__pag_4-19__recreated.png;tutte_le_figure_ricreate_ordinate/atomic_molecular_figures_tables/capitolo_04/figura_4_6__pdf_141__pag_4-19__recreated.svg;Funzionamento concettuale di un laser a tre livelli.
Atomic and Molecular Physics;atomic_molecular_figures_tables/capitolo_05;Figure;5.1;5;146;5-4;ricreata_da_verificare;tutte_le_figure_ricreate_ordinate/atomic_molecular_figures_tables/capitolo_05/figura_5_1__pdf_146__pag_5-4__recreated.png;tutte_le_figure_ricreate_ordinate/atomic_molecular_figures_tables/capitolo_05/figura_5_1__pdf_146__pag_5-4__recreated.svg;Confronto schematico tra i livelli energetici di idrogeno e litio.
Atomic and Molecular Physics;atomic_molecular_figures_tables/capitolo_05;Figure;5.2;5;148;5-6;ricreata_da_verificare;tutte_le_figure_ricreate_ordinate/atomic_molecular_figures_tables/capitolo_05/figura_5_2__pdf_148__pag_5-6__recreated.png;tutte_le_figure_ricreate_ordinate/atomic_molecular_figures_tables/capitolo_05/figura_5_2__pdf_148__pag_5-6__recreated.svg;Coordinate dei due elettroni e vettore relativo in un atomo elioide.
Atomic and Molecular Physics;atomic_molecular_figures_tables/capitolo_05;Figure;5.3;5;150;5-8;ricreata_da_verificare;tutte_le_figure_ricreate_ordinate/atomic_molecular_figures_tables/capitolo_05/figura_5_3__pdf_150__pag_5-8__recreated.png;tutte_le_figure_ricreate_ordinate/atomic_molecular_figures_tables/capitolo_05/figura_5_3__pdf_150__pag_5-8__recreated.svg;Energia fondamentale dell'elio in tre livelli di approssimazione.
Atomic and Molecular Physics;atomic_molecular_figures_tables/capitolo_05;Figure;5.4;5;151;5-9;ricreata_da_verificare;tutte_le_figure_ricreate_ordinate/atomic_molecular_figures_tables/capitolo_05/figura_5_4__pdf_151__pag_5-9__recreated.png;tutte_le_figure_ricreate_ordinate/atomic_molecular_figures_tables/capitolo_05/figura_5_4__pdf_151__pag_5-9__recreated.svg;Spettro energetico dell'elio con accoppiamento elettrone-elettrone e scissione singoletto-tripletto.
Atomic and Molecular Physics;atomic_molecular_figures_tables/capitolo_05;Figure;5.5;5;153;5-11;ricreata_da_verificare;tutte_le_figure_ricreate_ordinate/atomic_molecular_figures_tables/capitolo_05/figura_5_5__pdf_153__pag_5-11__recreated.png;tutte_le_figure_ricreate_ordinate/atomic_molecular_figures_tables/capitolo_05/figura_5_5__pdf_153__pag_5-11__recreated.svg;Energia dello stato eccitato n=2 dell'elio con interazioni coulombiane e di scambio.
Atomic and Molecular Physics;atomic_molecular_figures_tables/capitolo_05;Figure;5.6;5;162;5-20;ricreata_da_verificare;tutte_le_figure_ricreate_ordinate/atomic_molecular_figures_tables/capitolo_05/figura_5_6__pdf_162__pag_5-20__recreated.png;tutte_le_figure_ricreate_ordinate/atomic_molecular_figures_tables/capitolo_05/figura_5_6__pdf_162__pag_5-20__recreated.svg;Aufbau delle configurazioni fondamentali dei primi dieci elementi.
Atomic and Molecular Physics;atomic_molecular_figures_tables/capitolo_05;Figure;5.7;5;164;5-22;ricreata_da_verificare;tutte_le_figure_ricreate_ordinate/atomic_molecular_figures_tables/capitolo_05/figura_5_7__pdf_164__pag_5-22__recreated.png;tutte_le_figure_ricreate_ordinate/atomic_molecular_figures_tables/capitolo_05/figura_5_7__pdf_164__pag_5-22__recreated.svg;Tavola periodica con classificazione nei blocchi s, p, d e f.
Atomic and Molecular Physics;atomic_molecular_figures_tables/capitolo_05;Figure;5.8;5;170;5-28;ricreata_da_verificare;tutte_le_figure_ricreate_ordinate/atomic_molecular_figures_tables/capitolo_05/figura_5_8__pdf_170__pag_5-28__recreated.png;tutte_le_figure_ricreate_ordinate/atomic_molecular_figures_tables/capitolo_05/figura_5_8__pdf_170__pag_5-28__recreated.svg;Due elettroni in un sottoguscio esterno incompleto con momenti magnetici orbitali e di spin.
Atomic and Molecular Physics;atomic_molecular_figures_tables/capitolo_05;Figure;5.9;5;173;5-31;ricreata_da_verificare;tutte_le_figure_ricreate_ordinate/atomic_molecular_figures_tables/capitolo_05/figura_5_9__pdf_173__pag_5-31__recreated.png;tutte_le_figure_ricreate_ordinate/atomic_molecular_figures_tables/capitolo_05/figura_5_9__pdf_173__pag_5-31__recreated.svg;Struttura fine di un sottoguscio contenente un elettrone p e uno d.
Atomic and Molecular Physics;atomic_molecular_figures_tables/capitolo_05;Figure;5.10;5;174;5-32;ricreata_da_verificare;tutte_le_figure_ricreate_ordinate/atomic_molecular_figures_tables/capitolo_05/figura_5_10__pdf_174__pag_5-32__recreated.png;tutte_le_figure_ricreate_ordinate/atomic_molecular_figures_tables/capitolo_05/figura_5_10__pdf_174__pag_5-32__recreated.svg;Schema di accoppiamento L–S per un sistema a tre elettroni.
Atomic and Molecular Physics;atomic_molecular_figures_tables/capitolo_05;Figure;5.11;5;175;5-33;ricreata_da_verificare;tutte_le_figure_ricreate_ordinate/atomic_molecular_figures_tables/capitolo_05/figura_5_11__pdf_175__pag_5-33__recreated.png;tutte_le_figure_ricreate_ordinate/atomic_molecular_figures_tables/capitolo_05/figura_5_11__pdf_175__pag_5-33__recreated.svg;Struttura fine schematica di una configurazione elettronica sp.
Atomic and Molecular Physics;atomic_molecular_figures_tables/capitolo_05;Figure;5.12;5;176;5-34;ricreata_da_verificare;tutte_le_figure_ricreate_ordinate/atomic_molecular_figures_tables/capitolo_05/figura_5_12__pdf_176__pag_5-34__recreated.png;tutte_le_figure_ricreate_ordinate/atomic_molecular_figures_tables/capitolo_05/figura_5_12__pdf_176__pag_5-34__recreated.svg;Emissione di raggi X e processo Auger dopo la formazione di una lacuna interna.
Atomic and Molecular Physics;atomic_molecular_figures_tables/capitolo_05;Figure;5.13;5;178;5-36;ricreata_da_verificare;tutte_le_figure_ricreate_ordinate/atomic_molecular_figures_tables/capitolo_05/figura_5_13__pdf_178__pag_5-36__recreated.png;tutte_le_figure_ricreate_ordinate/atomic_molecular_figures_tables/capitolo_05/figura_5_13__pdf_178__pag_5-36__recreated.svg;Effetto Zeeman nel sodio con diversi fattori di Landé.
Atomic and Molecular Physics;atomic_molecular_figures_tables/capitolo_06;Figure;6.1;6;187;6-6;ricreata_da_verificare;tutte_le_figure_ricreate_ordinate/atomic_molecular_figures_tables/capitolo_06/figura_6_1__pdf_187__pag_6-6__recreated.png;tutte_le_figure_ricreate_ordinate/atomic_molecular_figures_tables/capitolo_06/figura_6_1__pdf_187__pag_6-6__recreated.svg;Energia potenziale del sistema Na–Cl in funzione della distanza.
Atomic and Molecular Physics;atomic_molecular_figures_tables/capitolo_06;Table;6.1;6;188;6-7;ricreata_da_verificare;tutte_le_figure_ricreate_ordinate/atomic_molecular_figures_tables/capitolo_06/tabella_6_1__pdf_188__pag_6-7__recreated.png;tutte_le_figure_ricreate_ordinate/atomic_molecular_figures_tables/capitolo_06/tabella_6_1__pdf_188__pag_6-7__recreated.svg;Distanza di equilibrio ed energia di dissociazione di molecole ioniche.
Atomic and Molecular Physics;atomic_molecular_figures_tables/capitolo_06;Figure;6.2;6;190;6-9;ricreata_da_verificare;tutte_le_figure_ricreate_ordinate/atomic_molecular_figures_tables/capitolo_06/figura_6_2__pdf_190__pag_6-9__recreated.png;tutte_le_figure_ricreate_ordinate/atomic_molecular_figures_tables/capitolo_06/figura_6_2__pdf_190__pag_6-9__recreated.svg;Carattere pari e dispari della funzione elettronica nello ione H2+.
Atomic and Molecular Physics;atomic_molecular_figures_tables/capitolo_06;Table;6.2;6;189;6-8;ricreata_da_verificare;tutte_le_figure_ricreate_ordinate/atomic_molecular_figures_tables/capitolo_06/tabella_6_2__pdf_189__pag_6-8__recreated.png;tutte_le_figure_ricreate_ordinate/atomic_molecular_figures_tables/capitolo_06/tabella_6_2__pdf_189__pag_6-8__recreated.svg;Momento di dipolo elettrico di alcune molecole ioniche.
Atomic and Molecular Physics;atomic_molecular_figures_tables/capitolo_06;Figure;6.3;6;191;6-10;ricreata_da_verificare;tutte_le_figure_ricreate_ordinate/atomic_molecular_figures_tables/capitolo_06/figura_6_3__pdf_191__pag_6-10__recreated.png;tutte_le_figure_ricreate_ordinate/atomic_molecular_figures_tables/capitolo_06/figura_6_3__pdf_191__pag_6-10__recreated.svg;Curve legante e antilegante dello ione molecolare H2+.
Atomic and Molecular Physics;atomic_molecular_figures_tables/capitolo_06;Table;6.3;6;192;6-11;ricreata_da_verificare;tutte_le_figure_ricreate_ordinate/atomic_molecular_figures_tables/capitolo_06/tabella_6_3__pdf_192__pag_6-11__recreated.png;tutte_le_figure_ricreate_ordinate/atomic_molecular_figures_tables/capitolo_06/tabella_6_3__pdf_192__pag_6-11__recreated.svg;Distanze di equilibrio ed energie di dissociazione di molecole covalenti.
Atomic and Molecular Physics;atomic_molecular_figures_tables/capitolo_07;Figure;7.1;7;197;7-5;ricreata_da_verificare;tutte_le_figure_ricreate_ordinate/atomic_molecular_figures_tables/capitolo_07/figura_7_1__pdf_197__pag_7-5__recreated.png;tutte_le_figure_ricreate_ordinate/atomic_molecular_figures_tables/capitolo_07/figura_7_1__pdf_197__pag_7-5__recreated.svg;Livelli rotazionali, parità, transizioni consentite e popolazione termica.
Atomic and Molecular Physics;atomic_molecular_figures_tables/capitolo_07;Table;7.1;7;197;7-5;ricreata_da_verificare;tutte_le_figure_ricreate_ordinate/atomic_molecular_figures_tables/capitolo_07/tabella_7_1__pdf_197__pag_7-5__recreated.png;tutte_le_figure_ricreate_ordinate/atomic_molecular_figures_tables/capitolo_07/tabella_7_1__pdf_197__pag_7-5__recreated.svg;Valori di hbar quadro diviso 2I per molecole biatomiche.
Atomic and Molecular Physics;atomic_molecular_figures_tables/capitolo_07;Figure;7.2;7;198;7-6;ricreata_da_verificare;tutte_le_figure_ricreate_ordinate/atomic_molecular_figures_tables/capitolo_07/figura_7_2__pdf_198__pag_7-6__recreated.png;tutte_le_figure_ricreate_ordinate/atomic_molecular_figures_tables/capitolo_07/figura_7_2__pdf_198__pag_7-6__recreated.svg;Spettro rotazionale schematico di una molecola biatomica polare.
Atomic and Molecular Physics;atomic_molecular_figures_tables/capitolo_07;Table;7.2;7;199;7-7;ricreata_da_verificare;tutte_le_figure_ricreate_ordinate/atomic_molecular_figures_tables/capitolo_07/tabella_7_2__pdf_199__pag_7-7__recreated.png;tutte_le_figure_ricreate_ordinate/atomic_molecular_figures_tables/capitolo_07/tabella_7_2__pdf_199__pag_7-7__recreated.svg;Energia vibrazionale fondamentale di molecole biatomiche.
Atomic and Molecular Physics;atomic_molecular_figures_tables/capitolo_07;Figure;7.3;7;200;7-8;ricreata_da_verificare;tutte_le_figure_ricreate_ordinate/atomic_molecular_figures_tables/capitolo_07/figura_7_3__pdf_200__pag_7-8__recreated.png;tutte_le_figure_ricreate_ordinate/atomic_molecular_figures_tables/capitolo_07/figura_7_3__pdf_200__pag_7-8__recreated.svg;Livelli vibrazionali armonici, parità e transizioni adiacenti.
Atomic and Molecular Physics;atomic_molecular_figures_tables/capitolo_07;Figure;7.4;7;201;7-9;ricreata_da_verificare;tutte_le_figure_ricreate_ordinate/atomic_molecular_figures_tables/capitolo_07/figura_7_4__pdf_201__pag_7-9__recreated.png;tutte_le_figure_ricreate_ordinate/atomic_molecular_figures_tables/capitolo_07/figura_7_4__pdf_201__pag_7-9__recreated.svg;Livelli roto-vibrazionali e rami P, Q e R di una molecola biatomica.
Atomic and Molecular Physics;atomic_molecular_figures_tables/capitolo_07;Figure;7.5;7;203;7-11;ricreata_da_verificare;tutte_le_figure_ricreate_ordinate/atomic_molecular_figures_tables/capitolo_07/figura_7_5__pdf_203__pag_7-11__recreated.png;tutte_le_figure_ricreate_ordinate/atomic_molecular_figures_tables/capitolo_07/figura_7_5__pdf_203__pag_7-11__recreated.svg;Scattering Raman vibrazionale e rotazionale con righe Stokes, Rayleigh e anti-Stokes.
Atomic and Molecular Physics;atomic_molecular_figures_tables/capitolo_07;Figure;7.6;7;205;7-13;ricreata_da_verificare;tutte_le_figure_ricreate_ordinate/atomic_molecular_figures_tables/capitolo_07/figura_7_6__pdf_205__pag_7-13__recreated.png;tutte_le_figure_ricreate_ordinate/atomic_molecular_figures_tables/capitolo_07/figura_7_6__pdf_205__pag_7-13__recreated.svg;Esempi di molecole con asse di simmetria rotazionale.
Atomic and Molecular Physics;atomic_molecular_figures_tables/capitolo_07;Figure;7.7;7;207;7-15;ricreata_da_verificare;tutte_le_figure_ricreate_ordinate/atomic_molecular_figures_tables/capitolo_07/figura_7_7__pdf_207__pag_7-15__recreated.png;tutte_le_figure_ricreate_ordinate/atomic_molecular_figures_tables/capitolo_07/figura_7_7__pdf_207__pag_7-15__recreated.svg;Alcuni modi vibrazionali normali di CO2 e H2O.
Atomic and Molecular Physics;atomic_molecular_figures_tables/capitolo_08;Figure;8.1;8;211;8-3;ricreata_da_verificare;tutte_le_figure_ricreate_ordinate/atomic_molecular_figures_tables/capitolo_08/figura_8_1__pdf_211__pag_8-3__recreated.png;tutte_le_figure_ricreate_ordinate/atomic_molecular_figures_tables/capitolo_08/figura_8_1__pdf_211__pag_8-3__recreated.svg;Vettori di posizione e distanza nello ione molecolare H2+.
Atomic and Molecular Physics;atomic_molecular_figures_tables/capitolo_08;Figure;8.2;8;214;8-6;ricreata_da_verificare;tutte_le_figure_ricreate_ordinate/atomic_molecular_figures_tables/capitolo_08/figura_8_2__pdf_214__pag_8-6__recreated.png;tutte_le_figure_ricreate_ordinate/atomic_molecular_figures_tables/capitolo_08/figura_8_2__pdf_214__pag_8-6__recreated.svg;Stati legante e antilegante dello ione molecolare H2+.
Atomic and Molecular Physics;atomic_molecular_figures_tables/capitolo_08;Figure;8.3;8;216;8-8;ricreata_da_verificare;tutte_le_figure_ricreate_ordinate/atomic_molecular_figures_tables/capitolo_08/figura_8_3__pdf_216__pag_8-8__recreated.png;tutte_le_figure_ricreate_ordinate/atomic_molecular_figures_tables/capitolo_08/figura_8_3__pdf_216__pag_8-8__recreated.svg;Simmetrie assiale, di riflessione e di inversione in una molecola biatomica.
Atomic and Molecular Physics;atomic_molecular_figures_tables/capitolo_08;Figure;8.4;8;217;8-9;ricreata_da_verificare;tutte_le_figure_ricreate_ordinate/atomic_molecular_figures_tables/capitolo_08/figura_8_4__pdf_217__pag_8-9__recreated.png;tutte_le_figure_ricreate_ordinate/atomic_molecular_figures_tables/capitolo_08/figura_8_4__pdf_217__pag_8-9__recreated.svg;Formazione di orbitali molecolari da combinazioni lineari di orbitali atomici 1s e 2p.
Atomic and Molecular Physics;atomic_molecular_figures_tables/capitolo_08;Figure;8.5;8;219;8-11;ricreata_da_verificare;tutte_le_figure_ricreate_ordinate/atomic_molecular_figures_tables/capitolo_08/figura_8_5__pdf_219__pag_8-11__recreated.png;tutte_le_figure_ricreate_ordinate/atomic_molecular_figures_tables/capitolo_08/figura_8_5__pdf_219__pag_8-11__recreated.svg;Configurazioni elettroniche fondamentali di molecole biatomiche omonucleari.
Atomic and Molecular Physics;atomic_molecular_figures_tables/capitolo_08;Figure;8.6;8;222;8-14;ricreata_da_verificare;tutte_le_figure_ricreate_ordinate/atomic_molecular_figures_tables/capitolo_08/figura_8_6__pdf_222__pag_8-14__recreated.png;tutte_le_figure_ricreate_ordinate/atomic_molecular_figures_tables/capitolo_08/figura_8_6__pdf_222__pag_8-14__recreated.svg;Formazione qualitativa dei legami nella molecola H2O e distribuzione elettronica sul piano molecolare.
Atomic and Molecular Physics;atomic_molecular_figures_tables/capitolo_08;Figure;8.7;8;224;8-16;ricreata_da_verificare;tutte_le_figure_ricreate_ordinate/atomic_molecular_figures_tables/capitolo_08/figura_8_7__pdf_224__pag_8-16__recreated.png;tutte_le_figure_ricreate_ordinate/atomic_molecular_figures_tables/capitolo_08/figura_8_7__pdf_224__pag_8-16__recreated.svg;Geometria, lunghezze e angoli di legame di idrocarburi semplici.
Atomic and Molecular Physics;atomic_molecular_figures_tables/capitolo_08;Figure;8.8;8;224;8-16;ricreata_da_verificare;tutte_le_figure_ricreate_ordinate/atomic_molecular_figures_tables/capitolo_08/figura_8_8__pdf_224__pag_8-16__recreated.png;tutte_le_figure_ricreate_ordinate/atomic_molecular_figures_tables/capitolo_08/figura_8_8__pdf_224__pag_8-16__recreated.svg;Geometria dei tre orbitali molecolari risultanti dall'ibridazione sp2.
Atomic and Molecular Physics;atomic_molecular_figures_tables/capitolo_08;Figure;8.9;8;225;8-17;ricreata_da_verificare;tutte_le_figure_ricreate_ordinate/atomic_molecular_figures_tables/capitolo_08/figura_8_9__pdf_225__pag_8-17__recreated.png;tutte_le_figure_ricreate_ordinate/atomic_molecular_figures_tables/capitolo_08/figura_8_9__pdf_225__pag_8-17__recreated.svg;Confronto tra legame sigma da orbitali sp2 e legame pi da orbitali 2pz.
Atomic and Molecular Physics;atomic_molecular_figures_tables/capitolo_08;Figure;8.10;8;225;8-17;ricreata_da_verificare;tutte_le_figure_ricreate_ordinate/atomic_molecular_figures_tables/capitolo_08/figura_8_10__pdf_225__pag_8-17__recreated.png;tutte_le_figure_ricreate_ordinate/atomic_molecular_figures_tables/capitolo_08/figura_8_10__pdf_225__pag_8-17__recreated.svg;Struttura del butadiene e scheletro pi greco coniugato.
Atomic and Molecular Physics;atomic_molecular_figures_tables/capitolo_08;Figure;8.11;8;227;8-19;ricreata_da_verificare;tutte_le_figure_ricreate_ordinate/atomic_molecular_figures_tables/capitolo_08/figura_8_11__pdf_227__pag_8-19__recreated.png;tutte_le_figure_ricreate_ordinate/atomic_molecular_figures_tables/capitolo_08/figura_8_11__pdf_227__pag_8-19__recreated.svg;Due forme limite di risonanza della molecola di benzene.
Atomic and Molecular Physics;atomic_molecular_figures_tables/capitolo_08;Figure;8.12;8;230;8-22;ricreata_da_verificare;tutte_le_figure_ricreate_ordinate/atomic_molecular_figures_tables/capitolo_08/figura_8_12__pdf_230__pag_8-22__recreated.png;tutte_le_figure_ricreate_ordinate/atomic_molecular_figures_tables/capitolo_08/figura_8_12__pdf_230__pag_8-22__recreated.svg;Curve potenziali e transizioni consentite dal principio di Franck–Condon.
Solid State Physics;solid_state_figures_tables/appendice_A;Figure;A.1;A;275;;ricreata_da_verificare;tutte_le_figure_ricreate_ordinate/solid_state_figures_tables/appendice_A/figura_A_1__pdf_275__pag___recreated.png;tutte_le_figure_ricreate_ordinate/solid_state_figures_tables/appendice_A/figura_A_1__pdf_275__pag___recreated.svg;Tavola periodica degli elementi organizzata per blocchi elettronici.
Solid State Physics;solid_state_figures_tables/appendice_B;Figure;B.1;B;278;B-2;ricreata_da_verificare;tutte_le_figure_ricreate_ordinate/solid_state_figures_tables/appendice_B/figura_B_1__pdf_278__pag_B-2__recreated.png;tutte_le_figure_ricreate_ordinate/solid_state_figures_tables/appendice_B/figura_B_1__pdf_278__pag_B-2__recreated.svg;Leghe SixGe1-x e AlxGa1-xAs in reticoli tipo diamante e zincoblenda.
Solid State Physics;solid_state_figures_tables/appendice_B;Figure;B.2;B;279;B-3;ricreata_da_verificare;tutte_le_figure_ricreate_ordinate/solid_state_figures_tables/appendice_B/figura_B_2__pdf_279__pag_B-3__recreated.png;tutte_le_figure_ricreate_ordinate/solid_state_figures_tables/appendice_B/figura_B_2__pdf_279__pag_B-3__recreated.svg;Quasicristallo bidimensionale con unità decagonale e famiglie di quasipiani ruotate di 72 gradi.
Solid State Physics;solid_state_figures_tables/appendice_D;Figure;D.1;D;287;D-3;ricreata_da_verificare;tutte_le_figure_ricreate_ordinate/solid_state_figures_tables/appendice_D/figura_D_1__pdf_287__pag_D-3__recreated.png;tutte_le_figure_ricreate_ordinate/solid_state_figures_tables/appendice_D/figura_D_1__pdf_287__pag_D-3__recreated.svg;Modelli a ioni rigidi, a guscio e a carica di legame.
Solid State Physics;solid_state_figures_tables/appendice_G;Figure;G.1;G;300;G-4;ricreata_da_verificare;tutte_le_figure_ricreate_ordinate/solid_state_figures_tables/appendice_G/figura_G_1__pdf_300__pag_G-4__recreated.png;tutte_le_figure_ricreate_ordinate/solid_state_figures_tables/appendice_G/figura_G_1__pdf_300__pag_G-4__recreated.svg;Due sistemi di coordinate sferiche per una molecola biatomica equivalente.
Solid State Physics;solid_state_figures_tables/appendice_G;Table;G.1;G;302-303;G-6/G-7;ricreata_da_verificare;tutte_le_figure_ricreate_ordinate/solid_state_figures_tables/appendice_G/tabella_G_1__pdf_302-303__pag_G-6_G-7__recreated.png;tutte_le_figure_ricreate_ordinate/solid_state_figures_tables/appendice_G/tabella_G_1__pdf_302-303__pag_G-6_G-7__recreated.svg;Integrali energetici a due centri per orbitali s, p e d nello schema di Slater-Koster.
Solid State Physics;solid_state_figures_tables/appendice_G;Figure;G.2;G;301;G-5;ricreata_da_verificare;tutte_le_figure_ricreate_ordinate/solid_state_figures_tables/appendice_G/figura_G_2__pdf_301__pag_G-5__recreated.png;tutte_le_figure_ricreate_ordinate/solid_state_figures_tables/appendice_G/figura_G_2__pdf_301__pag_G-5__recreated.svg;Integrali di hopping ssσ, spσ, ppσ e ppπ nello schema di Slater–Koster.
Solid State Physics;solid_state_figures_tables/appendice_G;Table;G.2;G;304;G-8;ricreata_da_verificare;tutte_le_figure_ricreate_ordinate/solid_state_figures_tables/appendice_G/tabella_G_2__pdf_304__pag_G-8__recreated.png;tutte_le_figure_ricreate_ordinate/solid_state_figures_tables/appendice_G/tabella_G_2__pdf_304__pag_G-8__recreated.svg;Integrali a due centri secondo diverse parametrizzazioni sp3 del silicio.
Solid State Physics;solid_state_figures_tables/appendice_G;Figure;G.3;G;305;G-9;ricreata_da_verificare;tutte_le_figure_ricreate_ordinate/solid_state_figures_tables/appendice_G/figura_G_3__pdf_305__pag_G-9__recreated.png;tutte_le_figure_ricreate_ordinate/solid_state_figures_tables/appendice_G/figura_G_3__pdf_305__pag_G-9__recreated.svg;Bande di valenza del silicio calcolate con quattro insiemi di parametri tight-binding.
Solid State Physics;solid_state_figures_tables/appendice_H;Figure;H.1;H;308;H-2;ricreata_da_verificare;tutte_le_figure_ricreate_ordinate/solid_state_figures_tables/appendice_H/figura_H_1__pdf_308__pag_H-2__recreated.png;tutte_le_figure_ricreate_ordinate/solid_state_figures_tables/appendice_H/figura_H_1__pdf_308__pag_H-2__recreated.svg;Effetto della deformazione idrostatica sul gap di un semiconduttore diretto.
Solid State Physics;solid_state_figures_tables/capitolo_01;Figure;1.1;1;29;1-2;ricreata_da_verificare;tutte_le_figure_ricreate_ordinate/solid_state_figures_tables/capitolo_01/figura_1_1__pdf_029__pag_1-2__recreated.png;tutte_le_figure_ricreate_ordinate/solid_state_figures_tables/capitolo_01/figura_1_1__pdf_029__pag_1-2__recreated.svg;Spostamento quadratico medio qualitativo del silicio solido a 300 K e liquido a 1800 K.
Solid State Physics;solid_state_figures_tables/capitolo_01;Figure;1.2;1;30;1-3;ricreata_da_verificare;tutte_le_figure_ricreate_ordinate/solid_state_figures_tables/capitolo_01/figura_1_2__pdf_030__pag_1-3__recreated.png;tutte_le_figure_ricreate_ordinate/solid_state_figures_tables/capitolo_01/figura_1_2__pdf_030__pag_1-3__recreated.svg;Funzione di correlazione a coppie qualitativa del silicio cristallino e amorfo.
Solid State Physics;solid_state_figures_tables/capitolo_01;Figure;1.3;1;32;1-5;ricreata_da_verificare;tutte_le_figure_ricreate_ordinate/solid_state_figures_tables/capitolo_01/figura_1_3__pdf_032__pag_1-5__recreated.png;tutte_le_figure_ricreate_ordinate/solid_state_figures_tables/capitolo_01/figura_1_3__pdf_032__pag_1-5__recreated.svg;Schema originale della condizione periodica di Born–von Karman per una catena cristallina unidimensionale.
Solid State Physics;solid_state_figures_tables/capitolo_01;Figure;1.4;1;44;1-17;ricreata_da_verificare;tutte_le_figure_ricreate_ordinate/solid_state_figures_tables/capitolo_01/figura_1_4__pdf_044__pag_1-17__recreated.png;tutte_le_figure_ricreate_ordinate/solid_state_figures_tables/capitolo_01/figura_1_4__pdf_044__pag_1-17__recreated.svg;Confronto tra potenziale cristallino efficace e somma dei potenziali ionici isolati in una catena unidimensionale.
Solid State Physics;solid_state_figures_tables/capitolo_02;Figure;2.1;2;49;2-3;ricreata_da_verificare;tutte_le_figure_ricreate_ordinate/solid_state_figures_tables/capitolo_02/figura_2_1__pdf_049__pag_2-3__recreated.png;tutte_le_figure_ricreate_ordinate/solid_state_figures_tables/capitolo_02/figura_2_1__pdf_049__pag_2-3__recreated.svg;Cristallo di grafene e descrizione mediante reticolo triangolare con base.
Solid State Physics;solid_state_figures_tables/capitolo_02;Table;2.1;2;63;2-17;ricreata_da_verificare;tutte_le_figure_ricreate_ordinate/solid_state_figures_tables/capitolo_02/tabella_2_1__pdf_063__pag_2-17__recreated.png;tutte_le_figure_ricreate_ordinate/solid_state_figures_tables/capitolo_02/tabella_2_1__pdf_063__pag_2-17__recreated.svg;Proprietà geometriche dei reticoli cubici sc, bcc e fcc.
Solid State Physics;solid_state_figures_tables/capitolo_02;Figure;2.2;2;49;2-3;ricreata_da_verificare;tutte_le_figure_ricreate_ordinate/solid_state_figures_tables/capitolo_02/figura_2_2__pdf_049__pag_2-3__recreated.png;tutte_le_figure_ricreate_ordinate/solid_state_figures_tables/capitolo_02/figura_2_2__pdf_049__pag_2-3__recreated.svg;Costruzione di un cristallo bidimensionale applicando una base di tre siti a un reticolo quadrato.
Solid State Physics;solid_state_figures_tables/capitolo_02;Table;2.2;2;67;2-21;ricreata_da_verificare;tutte_le_figure_ricreate_ordinate/solid_state_figures_tables/capitolo_02/tabella_2_2__pdf_067__pag_2-21__recreated.png;tutte_le_figure_ricreate_ordinate/solid_state_figures_tables/capitolo_02/tabella_2_2__pdf_067__pag_2-21__recreated.svg;Vettori primitivi diretti e reciproci di reticoli cubici ed esagonale.
Solid State Physics;solid_state_figures_tables/capitolo_02;Figure;2.3;2;50;2-4;ricreata_da_verificare;tutte_le_figure_ricreate_ordinate/solid_state_figures_tables/capitolo_02/figura_2_3__pdf_050__pag_2-4__recreated.png;tutte_le_figure_ricreate_ordinate/solid_state_figures_tables/capitolo_02/figura_2_3__pdf_050__pag_2-4__recreated.svg;Invarianza traslazionale in un reticolo quadrato: r e r più un vettore reticolare descrivono ambienti equivalenti.
Solid State Physics;solid_state_figures_tables/capitolo_02;Table;2.3;2;79;2-33;ricreata_da_verificare;tutte_le_figure_ricreate_ordinate/solid_state_figures_tables/capitolo_02/tabella_2_3__pdf_079__pag_2-33__recreated.png;tutte_le_figure_ricreate_ordinate/solid_state_figures_tables/capitolo_02/tabella_2_3__pdf_079__pag_2-33__recreated.svg;Parametri di Lennard-Jones e proprietà di cristalli fcc di gas nobili.
Solid State Physics;solid_state_figures_tables/capitolo_02;Figure;2.4;2;51;2-5;ricreata_da_verificare;tutte_le_figure_ricreate_ordinate/solid_state_figures_tables/capitolo_02/figura_2_4__pdf_051__pag_2-5__recreated.png;tutte_le_figure_ricreate_ordinate/solid_state_figures_tables/capitolo_02/figura_2_4__pdf_051__pag_2-5__recreated.svg;Tre differenti basi di vettori di traslazione che generano lo stesso reticolo tridimensionale.
Solid State Physics;solid_state_figures_tables/capitolo_02;Figure;2.5;2;52;2-6;ricreata_da_verificare;tutte_le_figure_ricreate_ordinate/solid_state_figures_tables/capitolo_02/figura_2_5__pdf_052__pag_2-6__recreated.png;tutte_le_figure_ricreate_ordinate/solid_state_figures_tables/capitolo_02/figura_2_5__pdf_052__pag_2-6__recreated.svg;Cella convenzionale cubica e cella primitiva del reticolo FCC, con vettori primitivi esplicitati.
Solid State Physics;solid_state_figures_tables/capitolo_02;Figure;2.6;2;53;2-7;ricreata_da_verificare;tutte_le_figure_ricreate_ordinate/solid_state_figures_tables/capitolo_02/figura_2_6__pdf_053__pag_2-7__recreated.png;tutte_le_figure_ricreate_ordinate/solid_state_figures_tables/capitolo_02/figura_2_6__pdf_053__pag_2-7__recreated.svg;Equivalenza tra una rotazione non centrata e la composizione di una traslazione reticolare con una rotazione centrata.
Solid State Physics;solid_state_figures_tables/capitolo_02;Figure;2.7;2;54;2-8;ricreata_da_verificare;tutte_le_figure_ricreate_ordinate/solid_state_figures_tables/capitolo_02/figura_2_7__pdf_054__pag_2-8__recreated.png;tutte_le_figure_ricreate_ordinate/solid_state_figures_tables/capitolo_02/figura_2_7__pdf_054__pag_2-8__recreated.svg;Rappresentazione dei sette sistemi cristallini e dei relativi vincoli su lati e angoli.
Solid State Physics;solid_state_figures_tables/capitolo_02;Figure;2.8;2;56;2-10;ricreata_da_verificare;tutte_le_figure_ricreate_ordinate/solid_state_figures_tables/capitolo_02/figura_2_8__pdf_056__pag_2-10__recreated.png;tutte_le_figure_ricreate_ordinate/solid_state_figures_tables/capitolo_02/figura_2_8__pdf_056__pag_2-10__recreated.svg;Vettori primitivi dei reticoli cubico semplice, a corpo centrato e a facce centrate.
Solid State Physics;solid_state_figures_tables/capitolo_02;Figure;2.9;2;57;2-11;ricreata_da_verificare;tutte_le_figure_ricreate_ordinate/solid_state_figures_tables/capitolo_02/figura_2_9__pdf_057__pag_2-11__recreated.png;tutte_le_figure_ricreate_ordinate/solid_state_figures_tables/capitolo_02/figura_2_9__pdf_057__pag_2-11__recreated.svg;Piano reticolare con indici di Miller (263), intercetti 3a, b e 2c.
Solid State Physics;solid_state_figures_tables/capitolo_02;Figure;2.10;2;57;2-11;ricreata_da_verificare;tutte_le_figure_ricreate_ordinate/solid_state_figures_tables/capitolo_02/figura_2_10__pdf_057__pag_2-11__recreated.png;tutte_le_figure_ricreate_ordinate/solid_state_figures_tables/capitolo_02/figura_2_10__pdf_057__pag_2-11__recreated.svg;Piani cristallografici notevoli nel sistema cubico, identificati dagli indici di Miller.
Solid State Physics;solid_state_figures_tables/capitolo_02;Figure;2.11;2;57;2-11;ricreata_da_verificare;tutte_le_figure_ricreate_ordinate/solid_state_figures_tables/capitolo_02/figura_2_11__pdf_057__pag_2-11__recreated.png;tutte_le_figure_ricreate_ordinate/solid_state_figures_tables/capitolo_02/figura_2_11__pdf_057__pag_2-11__recreated.svg;Direzioni cristallografiche principali in una cella cubica.
Solid State Physics;solid_state_figures_tables/capitolo_02;Figure;2.12;2;60;2-14;ricreata_da_verificare;tutte_le_figure_ricreate_ordinate/solid_state_figures_tables/capitolo_02/figura_2_12__pdf_060__pag_2-14__recreated.png;tutte_le_figure_ricreate_ordinate/solid_state_figures_tables/capitolo_02/figura_2_12__pdf_060__pag_2-14__recreated.svg;Sette strutture cristalline: bcc, fcc, NaCl, CsCl, diamante, zincoblenda e hcp.
Solid State Physics;solid_state_figures_tables/capitolo_02;Figure;2.13;2;62;2-16;ricreata_da_verificare;tutte_le_figure_ricreate_ordinate/solid_state_figures_tables/capitolo_02/figura_2_13__pdf_062__pag_2-16__recreated.png;tutte_le_figure_ricreate_ordinate/solid_state_figures_tables/capitolo_02/figura_2_13__pdf_062__pag_2-16__recreated.svg;Sequenza compatta di strati A, B e C in un reticolo di sfere.
Solid State Physics;solid_state_figures_tables/capitolo_02;Figure;2.14;2;63;2-17;ricreata_da_verificare;tutte_le_figure_ricreate_ordinate/solid_state_figures_tables/capitolo_02/figura_2_14__pdf_063__pag_2-17__recreated.png;tutte_le_figure_ricreate_ordinate/solid_state_figures_tables/capitolo_02/figura_2_14__pdf_063__pag_2-17__recreated.svg;Diffrazione di raggi X da un campione cristallino e formazione del diffrattogramma.
Solid State Physics;solid_state_figures_tables/capitolo_02;Figure;2.15;2;64;2-18;ricreata_da_verificare;tutte_le_figure_ricreate_ordinate/solid_state_figures_tables/capitolo_02/figura_2_15__pdf_064__pag_2-18__recreated.png;tutte_le_figure_ricreate_ordinate/solid_state_figures_tables/capitolo_02/figura_2_15__pdf_064__pag_2-18__recreated.svg;Geometria del modello di scattering di von Laue con origine, centro diffusore e rivelatore.
Solid State Physics;solid_state_figures_tables/capitolo_02;Figure;2.16;2;69;2-23;ricreata_da_verificare;tutte_le_figure_ricreate_ordinate/solid_state_figures_tables/capitolo_02/figura_2_16__pdf_069__pag_2-23__recreated.png;tutte_le_figure_ricreate_ordinate/solid_state_figures_tables/capitolo_02/figura_2_16__pdf_069__pag_2-23__recreated.svg;Prime zone di Brillouin dei reticoli sc, bcc, fcc ed esagonale.
Solid State Physics;solid_state_figures_tables/capitolo_02;Figure;2.17;2;72;2-26;ricreata_da_verificare;tutte_le_figure_ricreate_ordinate/solid_state_figures_tables/capitolo_02/figura_2_17__pdf_072__pag_2-26__recreated.png;tutte_le_figure_ricreate_ordinate/solid_state_figures_tables/capitolo_02/figura_2_17__pdf_072__pag_2-26__recreated.svg;Difetti puntuali rappresentativi in un cristallo binario bidimensionale.
Solid State Physics;solid_state_figures_tables/capitolo_02;Figure;2.18;2;73;2-27;ricreata_da_verificare;tutte_le_figure_ricreate_ordinate/solid_state_figures_tables/capitolo_02/figura_2_18__pdf_073__pag_2-27__recreated.png;tutte_le_figure_ricreate_ordinate/solid_state_figures_tables/capitolo_02/figura_2_18__pdf_073__pag_2-27__recreated.svg;Campo di deformazione qualitativo prodotto da un interstiziale e da una vacanza.
Solid State Physics;solid_state_figures_tables/capitolo_02;Figure;2.19;2;74;2-28;ricreata_da_verificare;tutte_le_figure_ricreate_ordinate/solid_state_figures_tables/capitolo_02/figura_2_19__pdf_074__pag_2-28__recreated.png;tutte_le_figure_ricreate_ordinate/solid_state_figures_tables/capitolo_02/figura_2_19__pdf_074__pag_2-28__recreated.svg;Impiantazione ionica, danno reticolare, ricottura e attivazione di un donatore.
Solid State Physics;solid_state_figures_tables/capitolo_02;Figure;2.20;2;75;2-29;ricreata_da_verificare;tutte_le_figure_ricreate_ordinate/solid_state_figures_tables/capitolo_02/figura_2_20__pdf_075__pag_2-29__recreated.png;tutte_le_figure_ricreate_ordinate/solid_state_figures_tables/capitolo_02/figura_2_20__pdf_075__pag_2-29__recreated.svg;Dislocazioni a spigolo e a vite con vettori di linea e di Burgers.
Solid State Physics;solid_state_figures_tables/capitolo_02;Figure;2.21;2;76;2-30;ricreata_da_verificare;tutte_le_figure_ricreate_ordinate/solid_state_figures_tables/capitolo_02/figura_2_21__pdf_076__pag_2-30__recreated.png;tutte_le_figure_ricreate_ordinate/solid_state_figures_tables/capitolo_02/figura_2_21__pdf_076__pag_2-30__recreated.svg;Giunzione tripla di bordi di grano inclinati e bordo di grano a torsione.
Solid State Physics;solid_state_figures_tables/capitolo_02;Figure;2.22;2;78;2-32;ricreata_da_verificare;tutte_le_figure_ricreate_ordinate/solid_state_figures_tables/capitolo_02/figura_2_22__pdf_078__pag_2-32__recreated.png;tutte_le_figure_ricreate_ordinate/solid_state_figures_tables/capitolo_02/figura_2_22__pdf_078__pag_2-32__recreated.svg;Confronto qualitativo della distribuzione di carica di valenza in metalli e isolanti.
Solid State Physics;solid_state_figures_tables/capitolo_03;Figure;3.1;3;89;3-5;ricreata_da_verificare;tutte_le_figure_ricreate_ordinate/solid_state_figures_tables/capitolo_03/figura_3_1__pdf_089__pag_3-5__recreated.png;tutte_le_figure_ricreate_ordinate/solid_state_figures_tables/capitolo_03/figura_3_1__pdf_089__pag_3-5__recreated.svg;Catena monoatomica lineare e corrispondente chiusura periodica di Born–von Karman.
Solid State Physics;solid_state_figures_tables/capitolo_03;Figure;3.2;3;90;3-6;ricreata_da_verificare;tutte_le_figure_ricreate_ordinate/solid_state_figures_tables/capitolo_03/figura_3_2__pdf_090__pag_3-6__recreated.png;tutte_le_figure_ricreate_ordinate/solid_state_figures_tables/capitolo_03/figura_3_2__pdf_090__pag_3-6__recreated.svg;Dispersione longitudinale di una catena monoatomica negli schemi a zone estese e ridotte.
Solid State Physics;solid_state_figures_tables/capitolo_03;Figure;3.3;3;92;3-8;ricreata_da_verificare;tutte_le_figure_ricreate_ordinate/solid_state_figures_tables/capitolo_03/figura_3_3__pdf_092__pag_3-8__recreated.png;tutte_le_figure_ricreate_ordinate/solid_state_figures_tables/capitolo_03/figura_3_3__pdf_092__pag_3-8__recreated.svg;Spostamenti longitudinali e trasversi al centro e al bordo della zona.
Solid State Physics;solid_state_figures_tables/capitolo_03;Figure;3.4;3;92;3-8;ricreata_da_verificare;tutte_le_figure_ricreate_ordinate/solid_state_figures_tables/capitolo_03/figura_3_4__pdf_092__pag_3-8__recreated.png;tutte_le_figure_ricreate_ordinate/solid_state_figures_tables/capitolo_03/figura_3_4__pdf_092__pag_3-8__recreated.svg;Catena massa-molla biatomica con due specie e due costanti elastiche.
Solid State Physics;solid_state_figures_tables/capitolo_03;Figure;3.5;3;94;3-10;ricreata_da_verificare;tutte_le_figure_ricreate_ordinate/solid_state_figures_tables/capitolo_03/figura_3_5__pdf_094__pag_3-10__recreated.png;tutte_le_figure_ricreate_ordinate/solid_state_figures_tables/capitolo_03/figura_3_5__pdf_094__pag_3-10__recreated.svg;Rami acustico e ottico della dispersione longitudinale in una catena biatomica.
Solid State Physics;solid_state_figures_tables/capitolo_03;Figure;3.6;3;95;3-11;ricreata_da_verificare;tutte_le_figure_ricreate_ordinate/solid_state_figures_tables/capitolo_03/figura_3_6__pdf_095__pag_3-11__recreated.png;tutte_le_figure_ricreate_ordinate/solid_state_figures_tables/capitolo_03/figura_3_6__pdf_095__pag_3-11__recreated.svg;Modi longitudinali acustici e ottici al centro e al bordo della zona.
Solid State Physics;solid_state_figures_tables/capitolo_03;Figure;3.7;3;98;3-14;ricreata_da_verificare;tutte_le_figure_ricreate_ordinate/solid_state_figures_tables/capitolo_03/figura_3_7__pdf_098__pag_3-14__recreated.png;tutte_le_figure_ricreate_ordinate/solid_state_figures_tables/capitolo_03/figura_3_7__pdf_098__pag_3-14__recreated.svg;Dispersioni vibrazionali qualitative del rame e del piombo.
Solid State Physics;solid_state_figures_tables/capitolo_03;Figure;3.8;3;99;3-15;ricreata_da_verificare;tutte_le_figure_ricreate_ordinate/solid_state_figures_tables/capitolo_03/figura_3_8__pdf_099__pag_3-15__recreated.png;tutte_le_figure_ricreate_ordinate/solid_state_figures_tables/capitolo_03/figura_3_8__pdf_099__pag_3-15__recreated.svg;Dispersioni vibrazionali qualitative del silicio e dell'arseniuro di gallio.
Solid State Physics;solid_state_figures_tables/capitolo_03;Figure;3.9;3;100;3-16;ricreata_da_verificare;tutte_le_figure_ricreate_ordinate/solid_state_figures_tables/capitolo_03/figura_3_9__pdf_100__pag_3-16__recreated.png;tutte_le_figure_ricreate_ordinate/solid_state_figures_tables/capitolo_03/figura_3_9__pdf_100__pag_3-16__recreated.svg;Dispersione vibrazionale qualitativa del bromuro di potassio.
Solid State Physics;solid_state_figures_tables/capitolo_03;Figure;3.10;3;103;3-19;ricreata_da_verificare;tutte_le_figure_ricreate_ordinate/solid_state_figures_tables/capitolo_03/figura_3_10__pdf_103__pag_3-19__recreated.png;tutte_le_figure_ricreate_ordinate/solid_state_figures_tables/capitolo_03/figura_3_10__pdf_103__pag_3-19__recreated.svg;Costante dielettrica dipendente dalla frequenza e dispersione fonone-polaritone.
Solid State Physics;solid_state_figures_tables/capitolo_03;Figure;3.11;3;106;3-22;ricreata_da_verificare;tutte_le_figure_ricreate_ordinate/solid_state_figures_tables/capitolo_03/figura_3_11__pdf_106__pag_3-22__recreated.png;tutte_le_figure_ricreate_ordinate/solid_state_figures_tables/capitolo_03/figura_3_11__pdf_106__pag_3-22__recreated.svg;Schema funzionale di uno spettrometro neutronico a triplo asse.
Solid State Physics;solid_state_figures_tables/capitolo_03;Figure;3.12;3;109;3-25;ricreata_da_verificare;tutte_le_figure_ricreate_ordinate/solid_state_figures_tables/capitolo_03/figura_3_12__pdf_109__pag_3-25__recreated.png;tutte_le_figure_ricreate_ordinate/solid_state_figures_tables/capitolo_03/figura_3_12__pdf_109__pag_3-25__recreated.svg;Elemento di volume tra due superfici a frequenza costante.
Solid State Physics;solid_state_figures_tables/capitolo_03;Figure;3.13;3;110;3-26;ricreata_da_verificare;tutte_le_figure_ricreate_ordinate/solid_state_figures_tables/capitolo_03/figura_3_13__pdf_110__pag_3-26__recreated.png;tutte_le_figure_ricreate_ordinate/solid_state_figures_tables/capitolo_03/figura_3_13__pdf_110__pag_3-26__recreated.svg;Densità vibrazionale degli stati qualitativa del rame e del silicio.
Solid State Physics;solid_state_figures_tables/capitolo_04;Figure;4.1;4;115;4-3;ricreata_da_verificare;tutte_le_figure_ricreate_ordinate/solid_state_figures_tables/capitolo_04/figura_4_1__pdf_115__pag_4-3__recreated.png;tutte_le_figure_ricreate_ordinate/solid_state_figures_tables/capitolo_04/figura_4_1__pdf_115__pag_4-3__recreated.svg;Energia media classica e quantistica di un oscillatore di Einstein.
Solid State Physics;solid_state_figures_tables/capitolo_04;Table;4.1;4;119;4-7;ricreata_da_verificare;tutte_le_figure_ricreate_ordinate/solid_state_figures_tables/capitolo_04/tabella_4_1__pdf_119__pag_4-7__recreated.png;tutte_le_figure_ricreate_ordinate/solid_state_figures_tables/capitolo_04/tabella_4_1__pdf_119__pag_4-7__recreated.svg;Temperature di Debye calcolate per solidi metallici, covalenti e ionici.
Solid State Physics;solid_state_figures_tables/capitolo_04;Figure;4.2;4;115;4-3;ricreata_da_verificare;tutte_le_figure_ricreate_ordinate/solid_state_figures_tables/capitolo_04/figura_4_2__pdf_115__pag_4-3__recreated.png;tutte_le_figure_ricreate_ordinate/solid_state_figures_tables/capitolo_04/figura_4_2__pdf_115__pag_4-3__recreated.svg;Ramo acustico efficace e definizione del vettore d'onda di Debye.
Solid State Physics;solid_state_figures_tables/capitolo_04;Table;4.2;4;123;4-11;ricreata_da_verificare;tutte_le_figure_ricreate_ordinate/solid_state_figures_tables/capitolo_04/tabella_4_2__pdf_123__pag_4-11__recreated.png;tutte_le_figure_ricreate_ordinate/solid_state_figures_tables/capitolo_04/tabella_4_2__pdf_123__pag_4-11__recreated.svg;Modulo di compressione e coefficiente di dilatazione termica.
Solid State Physics;solid_state_figures_tables/capitolo_04;Figure;4.3;4;118;4-6;ricreata_da_verificare;tutte_le_figure_ricreate_ordinate/solid_state_figures_tables/capitolo_04/figura_4_3__pdf_118__pag_4-6__recreated.png;tutte_le_figure_ricreate_ordinate/solid_state_figures_tables/capitolo_04/figura_4_3__pdf_118__pag_4-6__recreated.svg;Capacità termica reticolare nei modelli di Debye ed Einstein.
Solid State Physics;solid_state_figures_tables/capitolo_04;Table;4.3;4;123;4-11;ricreata_da_verificare;tutte_le_figure_ricreate_ordinate/solid_state_figures_tables/capitolo_04/tabella_4_3__pdf_123__pag_4-11__recreated.png;tutte_le_figure_ricreate_ordinate/solid_state_figures_tables/capitolo_04/tabella_4_3__pdf_123__pag_4-11__recreated.svg;Parametri di Grüneisen per modi al centro e al bordo della zona.
Solid State Physics;solid_state_figures_tables/capitolo_04;Figure;4.4;4;125;4-13;ricreata_da_verificare;tutte_le_figure_ricreate_ordinate/solid_state_figures_tables/capitolo_04/figura_4_4__pdf_125__pag_4-13__recreated.png;tutte_le_figure_ricreate_ordinate/solid_state_figures_tables/capitolo_04/figura_4_4__pdf_125__pag_4-13__recreated.svg;Esempi consentiti e vietati di processi a tre fononi.
Solid State Physics;solid_state_figures_tables/capitolo_04;Figure;4.5;4;126;4-14;ricreata_da_verificare;tutte_le_figure_ricreate_ordinate/solid_state_figures_tables/capitolo_04/figura_4_5__pdf_126__pag_4-14__recreated.png;tutte_le_figure_ricreate_ordinate/solid_state_figures_tables/capitolo_04/figura_4_5__pdf_126__pag_4-14__recreated.svg;Confronto tra processi normali e Umklapp nella prima zona di Brillouin.
Solid State Physics;solid_state_figures_tables/capitolo_04;Figure;4.6;4;127;4-15;ricreata_da_verificare;tutte_le_figure_ricreate_ordinate/solid_state_figures_tables/capitolo_04/figura_4_6__pdf_127__pag_4-15__recreated.png;tutte_le_figure_ricreate_ordinate/solid_state_figures_tables/capitolo_04/figura_4_6__pdf_127__pag_4-15__recreated.svg;Trasporto termico stazionario tra due termostati.
Solid State Physics;solid_state_figures_tables/capitolo_04;Figure;4.7;4;131;4-19;ricreata_da_verificare;tutte_le_figure_ricreate_ordinate/solid_state_figures_tables/capitolo_04/figura_4_7__pdf_131__pag_4-19__recreated.png;tutte_le_figure_ricreate_ordinate/solid_state_figures_tables/capitolo_04/figura_4_7__pdf_131__pag_4-19__recreated.svg;Conducibilità termica reticolare qualitativa del silicio cristallino.
Solid State Physics;solid_state_figures_tables/capitolo_05;Figure;5.1;5;137;5-3;ricreata_da_verificare;tutte_le_figure_ricreate_ordinate/solid_state_figures_tables/capitolo_05/figura_5_1__pdf_137__pag_5-3__recreated.png;tutte_le_figure_ricreate_ordinate/solid_state_figures_tables/capitolo_05/figura_5_1__pdf_137__pag_5-3__recreated.svg;Trazione semplice e taglio puro applicati a un solido omogeneo.
Solid State Physics;solid_state_figures_tables/capitolo_05;Table;5.1;5;144;5-10;ricreata_da_verificare;tutte_le_figure_ricreate_ordinate/solid_state_figures_tables/capitolo_05/tabella_5_1__pdf_144__pag_5-10__recreated.png;tutte_le_figure_ricreate_ordinate/solid_state_figures_tables/capitolo_05/tabella_5_1__pdf_144__pag_5-10__recreated.svg;Costanti elastiche di alcuni cristalli cubici.
Solid State Physics;solid_state_figures_tables/capitolo_05;Figure;5.2;5;139;5-5;ricreata_da_verificare;tutte_le_figure_ricreate_ordinate/solid_state_figures_tables/capitolo_05/figura_5_2__pdf_139__pag_5-5__recreated.png;tutte_le_figure_ricreate_ordinate/solid_state_figures_tables/capitolo_05/figura_5_2__pdf_139__pag_5-5__recreated.svg;Volume tetraedrico infinitesimo con facce coordinate e normale obliqua.
Solid State Physics;solid_state_figures_tables/capitolo_05;Table;5.2;5;145;5-11;ricreata_da_verificare;tutte_le_figure_ricreate_ordinate/solid_state_figures_tables/capitolo_05/tabella_5_2__pdf_145__pag_5-11__recreated.png;tutte_le_figure_ricreate_ordinate/solid_state_figures_tables/capitolo_05/tabella_5_2__pdf_145__pag_5-11__recreated.svg;Modulo di Young, rapporto di Poisson e coefficienti di Lamé di alcuni metalli.
Solid State Physics;solid_state_figures_tables/capitolo_05;Figure;5.3;5;141;5-7;ricreata_da_verificare;tutte_le_figure_ricreate_ordinate/solid_state_figures_tables/capitolo_05/figura_5_3__pdf_141__pag_5-7__recreated.png;tutte_le_figure_ricreate_ordinate/solid_state_figures_tables/capitolo_05/figura_5_3__pdf_141__pag_5-7__recreated.svg;Notazione di Voigt e nove componenti del tensore degli sforzi.
Solid State Physics;solid_state_figures_tables/capitolo_05;Table;5.3;5;148;5-14;ricreata_da_verificare;tutte_le_figure_ricreate_ordinate/solid_state_figures_tables/capitolo_05/tabella_5_3__pdf_148__pag_5-14__recreated.png;tutte_le_figure_ricreate_ordinate/solid_state_figures_tables/capitolo_05/tabella_5_3__pdf_148__pag_5-14__recreated.svg;Corrispondenza tra moduli elastici dell'elasticità lineare isotropa.
Solid State Physics;solid_state_figures_tables/capitolo_05;Figure;5.4;5;150;5-16;ricreata_da_verificare;tutte_le_figure_ricreate_ordinate/solid_state_figures_tables/capitolo_05/figura_5_4__pdf_150__pag_5-16__recreated.png;tutte_le_figure_ricreate_ordinate/solid_state_figures_tables/capitolo_05/figura_5_4__pdf_150__pag_5-16__recreated.svg;Struttura auxetica che si espande trasversalmente sotto carico uniaxiale.
Solid State Physics;solid_state_figures_tables/capitolo_06;Figure;6.1;6;157;6-3;ricreata_da_verificare;tutte_le_figure_ricreate_ordinate/solid_state_figures_tables/capitolo_06/figura_6_1__pdf_157__pag_6-3__recreated.png;tutte_le_figure_ricreate_ordinate/solid_state_figures_tables/capitolo_06/figura_6_1__pdf_157__pag_6-3__recreated.svg;Potenziale del campo cristallino in un solido unidimensionale.
Solid State Physics;solid_state_figures_tables/capitolo_06;Figure;6.2;6;161;6-7;ricreata_da_verificare;tutte_le_figure_ricreate_ordinate/solid_state_figures_tables/capitolo_06/figura_6_2__pdf_161__pag_6-7__recreated.png;tutte_le_figure_ricreate_ordinate/solid_state_figures_tables/capitolo_06/figura_6_2__pdf_161__pag_6-7__recreated.svg;Distribuzione di Fermi–Dirac a quattro temperature e potenziale chimico.
Solid State Physics;solid_state_figures_tables/capitolo_06;Figure;6.3;6;165;6-11;ricreata_da_verificare;tutte_le_figure_ricreate_ordinate/solid_state_figures_tables/capitolo_06/figura_6_3__pdf_165__pag_6-11__recreated.png;tutte_le_figure_ricreate_ordinate/solid_state_figures_tables/capitolo_06/figura_6_3__pdf_165__pag_6-11__recreated.svg;Potenziale cristallino unidimensionale e approssimazione a pozzi rettangolari.
Solid State Physics;solid_state_figures_tables/capitolo_06;Figure;6.4;6;167;6-13;ricreata_da_verificare;tutte_le_figure_ricreate_ordinate/solid_state_figures_tables/capitolo_06/figura_6_4__pdf_167__pag_6-13__recreated.png;tutte_le_figure_ricreate_ordinate/solid_state_figures_tables/capitolo_06/figura_6_4__pdf_167__pag_6-13__recreated.svg;Intervalli consentiti della funzione di Kronig–Penney.
Solid State Physics;solid_state_figures_tables/capitolo_07;Figure;7.1;7;173;7-5;ricreata_da_verificare;tutte_le_figure_ricreate_ordinate/solid_state_figures_tables/capitolo_07/figura_7_1__pdf_173__pag_7-5__recreated.png;tutte_le_figure_ricreate_ordinate/solid_state_figures_tables/capitolo_07/figura_7_1__pdf_173__pag_7-5__recreated.svg;Riflettività dell'alluminio e soglia alla frequenza di plasma.
Solid State Physics;solid_state_figures_tables/capitolo_07;Table;7.1;7;170;7-2;ricreata_da_verificare;tutte_le_figure_ricreate_ordinate/solid_state_figures_tables/capitolo_07/tabella_7_1__pdf_170__pag_7-2__recreated.png;tutte_le_figure_ricreate_ordinate/solid_state_figures_tables/capitolo_07/tabella_7_1__pdf_170__pag_7-2__recreated.svg;Parametri elettronici e di trasporto di dodici elementi metallici.
Solid State Physics;solid_state_figures_tables/capitolo_07;Figure;7.2;7;174;7-6;ricreata_da_verificare;tutte_le_figure_ricreate_ordinate/solid_state_figures_tables/capitolo_07/figura_7_2__pdf_174__pag_7-6__recreated.png;tutte_le_figure_ricreate_ordinate/solid_state_figures_tables/capitolo_07/figura_7_2__pdf_174__pag_7-6__recreated.svg;Oscillazione di plasma del gas elettronico rispetto al reticolo ionico.
Solid State Physics;solid_state_figures_tables/capitolo_07;Table;7.2;7;181;7-13;ricreata_da_verificare;tutte_le_figure_ricreate_ordinate/solid_state_figures_tables/capitolo_07/tabella_7_2__pdf_181__pag_7-13__recreated.png;tutte_le_figure_ricreate_ordinate/solid_state_figures_tables/capitolo_07/tabella_7_2__pdf_181__pag_7-13__recreated.svg;Parametri di Fermi di alcuni elementi metallici.
Solid State Physics;solid_state_figures_tables/capitolo_07;Figure;7.3;7;177;7-9;ricreata_da_verificare;tutte_le_figure_ricreate_ordinate/solid_state_figures_tables/capitolo_07/figura_7_3__pdf_177__pag_7-9__recreated.png;tutte_le_figure_ricreate_ordinate/solid_state_figures_tables/capitolo_07/figura_7_3__pdf_177__pag_7-9__recreated.svg;Schema dell'effetto Hall in un campione metallico.
Solid State Physics;solid_state_figures_tables/capitolo_07;Figure;7.4;7;178;7-10;ricreata_da_verificare;tutte_le_figure_ricreate_ordinate/solid_state_figures_tables/capitolo_07/figura_7_4__pdf_178__pag_7-10__recreated.png;tutte_le_figure_ricreate_ordinate/solid_state_figures_tables/capitolo_07/figura_7_4__pdf_178__pag_7-10__recreated.svg;Dipendenza normalizzata del coefficiente di Hall dell'alluminio dal parametro magnetico.
Solid State Physics;solid_state_figures_tables/capitolo_07;Figure;7.5;7;182;7-14;ricreata_da_verificare;tutte_le_figure_ricreate_ordinate/solid_state_figures_tables/capitolo_07/figura_7_5__pdf_182__pag_7-14__recreated.png;tutte_le_figure_ricreate_ordinate/solid_state_figures_tables/capitolo_07/figura_7_5__pdf_182__pag_7-14__recreated.svg;Densità elettronica occupata a temperatura finita.
Solid State Physics;solid_state_figures_tables/capitolo_07;Figure;7.6;7;184;7-16;ricreata_da_verificare;tutte_le_figure_ricreate_ordinate/solid_state_figures_tables/capitolo_07/figura_7_6__pdf_184__pag_7-16__recreated.png;tutte_le_figure_ricreate_ordinate/solid_state_figures_tables/capitolo_07/figura_7_6__pdf_184__pag_7-16__recreated.svg;Costruzione grafica del numero di elettroni a temperatura zero.
Solid State Physics;solid_state_figures_tables/capitolo_07;Figure;7.7;7;186;7-18;ricreata_da_verificare;tutte_le_figure_ricreate_ordinate/solid_state_figures_tables/capitolo_07/figura_7_7__pdf_186__pag_7-18__recreated.png;tutte_le_figure_ricreate_ordinate/solid_state_figures_tables/capitolo_07/figura_7_7__pdf_186__pag_7-18__recreated.svg;Rapporto cV/T del rame in funzione di T^2 a bassa temperatura.
Solid State Physics;solid_state_figures_tables/capitolo_07;Figure;7.8;7;187;7-19;ricreata_da_verificare;tutte_le_figure_ricreate_ordinate/solid_state_figures_tables/capitolo_07/figura_7_8__pdf_187__pag_7-19__recreated.png;tutte_le_figure_ricreate_ordinate/solid_state_figures_tables/capitolo_07/figura_7_8__pdf_187__pag_7-19__recreated.svg;Contributi elettronico e reticolare al calore specifico di un metallo.
Solid State Physics;solid_state_figures_tables/capitolo_07;Figure;7.9;7;189;7-21;ricreata_da_verificare;tutte_le_figure_ricreate_ordinate/solid_state_figures_tables/capitolo_07/figura_7_9__pdf_189__pag_7-21__recreated.png;tutte_le_figure_ricreate_ordinate/solid_state_figures_tables/capitolo_07/figura_7_9__pdf_189__pag_7-21__recreated.svg;Spostamento della sfera di Fermi sotto campo e rilassamento per scattering.
Solid State Physics;solid_state_figures_tables/capitolo_07;Figure;7.10;7;190;7-22;ricreata_da_verificare;tutte_le_figure_ricreate_ordinate/solid_state_figures_tables/capitolo_07/figura_7_10__pdf_190__pag_7-22__recreated.png;tutte_le_figure_ricreate_ordinate/solid_state_figures_tables/capitolo_07/figura_7_10__pdf_190__pag_7-22__recreated.svg;Sfera di Fermi in presenza di gradiente termico e scattering elettrone–fonone.
Solid State Physics;solid_state_figures_tables/capitolo_08;Figure;8.1;8;193;8-2;ricreata_da_verificare;tutte_le_figure_ricreate_ordinate/solid_state_figures_tables/capitolo_08/figura_8_1__pdf_193__pag_8-2__recreated.png;tutte_le_figure_ricreate_ordinate/solid_state_figures_tables/capitolo_08/figura_8_1__pdf_193__pag_8-2__recreated.svg;Confronto tra continuo libero, bande periodiche e livelli discreti in un pozzo.
Solid State Physics;solid_state_figures_tables/capitolo_08;Table;8.1;8;219;8-28;ricreata_da_verificare;tutte_le_figure_ricreate_ordinate/solid_state_figures_tables/capitolo_08/tabella_8_1__pdf_219__pag_8-28__recreated.png;tutte_le_figure_ricreate_ordinate/solid_state_figures_tables/capitolo_08/tabella_8_1__pdf_219__pag_8-28__recreated.svg;Gap energetico e masse efficaci di alcuni semiconduttori.
Solid State Physics;solid_state_figures_tables/capitolo_08;Figure;8.2;8;196;8-5;ricreata_da_verificare;tutte_le_figure_ricreate_ordinate/solid_state_figures_tables/capitolo_08/figura_8_2__pdf_196__pag_8-5__recreated.png;tutte_le_figure_ricreate_ordinate/solid_state_figures_tables/capitolo_08/figura_8_2__pdf_196__pag_8-5__recreated.svg;Dispersioni NFE negli schemi a zone estese e ridotte.
Solid State Physics;solid_state_figures_tables/capitolo_08;Figure;8.3;8;197;8-6;ricreata_da_verificare;tutte_le_figure_ricreate_ordinate/solid_state_figures_tables/capitolo_08/figura_8_3__pdf_197__pag_8-6__recreated.png;tutte_le_figure_ricreate_ordinate/solid_state_figures_tables/capitolo_08/figura_8_3__pdf_197__pag_8-6__recreated.svg;Riempimento delle bande a temperatura nulla per metalli e non-metalli.
Solid State Physics;solid_state_figures_tables/capitolo_08;Figure;8.4;8;199;8-8;ricreata_da_verificare;tutte_le_figure_ricreate_ordinate/solid_state_figures_tables/capitolo_08/figura_8_4__pdf_199__pag_8-8__recreated.png;tutte_le_figure_ricreate_ordinate/solid_state_figures_tables/capitolo_08/figura_8_4__pdf_199__pag_8-8__recreated.svg;Eccitazione termica di elettroni in un isolante a piccolo gap.
Solid State Physics;solid_state_figures_tables/capitolo_08;Figure;8.5;8;199;8-8;ricreata_da_verificare;tutte_le_figure_ricreate_ordinate/solid_state_figures_tables/capitolo_08/figura_8_5__pdf_199__pag_8-8__recreated.png;tutte_le_figure_ricreate_ordinate/solid_state_figures_tables/capitolo_08/figura_8_5__pdf_199__pag_8-8__recreated.svg;Banda di valenza, banda di conduzione, livello di Fermi e gap energetico.
Solid State Physics;solid_state_figures_tables/capitolo_08;Figure;8.6;8;204;8-13;ricreata_da_verificare;tutte_le_figure_ricreate_ordinate/solid_state_figures_tables/capitolo_08/figura_8_6__pdf_204__pag_8-13__recreated.png;tutte_le_figure_ricreate_ordinate/solid_state_figures_tables/capitolo_08/figura_8_6__pdf_204__pag_8-13__recreated.svg;Bande di valenza e conduzione di una catena monoatomica e diagramma energetico.
Solid State Physics;solid_state_figures_tables/capitolo_08;Figure;8.7;8;207;8-16;ricreata_da_verificare;tutte_le_figure_ricreate_ordinate/solid_state_figures_tables/capitolo_08/figura_8_7__pdf_207__pag_8-16__recreated.png;tutte_le_figure_ricreate_ordinate/solid_state_figures_tables/capitolo_08/figura_8_7__pdf_207__pag_8-16__recreated.svg;Struttura a bande qualitativa del silicio con gap indiretto.
Solid State Physics;solid_state_figures_tables/capitolo_08;Figure;8.8;8;208;8-17;ricreata_da_verificare;tutte_le_figure_ricreate_ordinate/solid_state_figures_tables/capitolo_08/figura_8_8__pdf_208__pag_8-17__recreated.png;tutte_le_figure_ricreate_ordinate/solid_state_figures_tables/capitolo_08/figura_8_8__pdf_208__pag_8-17__recreated.svg;Struttura a bande qualitativa del GaAs con gap diretto.
Solid State Physics;solid_state_figures_tables/capitolo_08;Figure;8.9;8;211;8-20;ricreata_da_verificare;tutte_le_figure_ricreate_ordinate/solid_state_figures_tables/capitolo_08/figura_8_9__pdf_211__pag_8-20__recreated.png;tutte_le_figure_ricreate_ordinate/solid_state_figures_tables/capitolo_08/figura_8_9__pdf_211__pag_8-20__recreated.svg;Bande di valenza e conduzione e corrispondenti velocità di gruppo in un cristallo unidimensionale.
Solid State Physics;solid_state_figures_tables/capitolo_08;Figure;8.10;8;212;8-21;ricreata_da_verificare;tutte_le_figure_ricreate_ordinate/solid_state_figures_tables/capitolo_08/figura_8_10__pdf_212__pag_8-21__recreated.png;tutte_le_figure_ricreate_ordinate/solid_state_figures_tables/capitolo_08/figura_8_10__pdf_212__pag_8-21__recreated.svg;Oscillazione di Bloch prodotta da un campo elettrico uniforme.
Solid State Physics;solid_state_figures_tables/capitolo_08;Figure;8.11;8;217;8-26;ricreata_da_verificare;tutte_le_figure_ricreate_ordinate/solid_state_figures_tables/capitolo_08/figura_8_11__pdf_217__pag_8-26__recreated.png;tutte_le_figure_ricreate_ordinate/solid_state_figures_tables/capitolo_08/figura_8_11__pdf_217__pag_8-26__recreated.svg;Dispersione ed effective mass di un elettrone di conduzione e di una lacuna di valenza.
Solid State Physics;solid_state_figures_tables/capitolo_08;Figure;8.12;8;218;8-27;ricreata_da_verificare;tutte_le_figure_ricreate_ordinate/solid_state_figures_tables/capitolo_08/figura_8_12__pdf_218__pag_8-27__recreated.png;tutte_le_figure_ricreate_ordinate/solid_state_figures_tables/capitolo_08/figura_8_12__pdf_218__pag_8-27__recreated.svg;Confronto tra semiconduttore a gap diretto e indiretto.
Solid State Physics;solid_state_figures_tables/capitolo_09;Figure;9.1;9;224;9-2;ricreata_da_verificare;tutte_le_figure_ricreate_ordinate/solid_state_figures_tables/capitolo_09/figura_9_1__pdf_224__pag_9-2__recreated.png;tutte_le_figure_ricreate_ordinate/solid_state_figures_tables/capitolo_09/figura_9_1__pdf_224__pag_9-2__recreated.svg;Effetto del drogaggio n sul potenziale cristallino del silicio.
Solid State Physics;solid_state_figures_tables/capitolo_09;Table;9.1;9;230;9-8;ricreata_da_verificare;tutte_le_figure_ricreate_ordinate/solid_state_figures_tables/capitolo_09/tabella_9_1__pdf_230__pag_9-8__recreated.png;tutte_le_figure_ricreate_ordinate/solid_state_figures_tables/capitolo_09/tabella_9_1__pdf_230__pag_9-8__recreated.svg;Mobilità elettronica e delle lacune a temperatura ambiente.
Solid State Physics;solid_state_figures_tables/capitolo_09;Figure;9.2;9;226;9-4;ricreata_da_verificare;tutte_le_figure_ricreate_ordinate/solid_state_figures_tables/capitolo_09/figura_9_2__pdf_226__pag_9-4__recreated.png;tutte_le_figure_ricreate_ordinate/solid_state_figures_tables/capitolo_09/figura_9_2__pdf_226__pag_9-4__recreated.svg;Effetto del drogaggio p sul potenziale cristallino del silicio.
Solid State Physics;solid_state_figures_tables/capitolo_09;Figure;9.3;9;226;9-4;ricreata_da_verificare;tutte_le_figure_ricreate_ordinate/solid_state_figures_tables/capitolo_09/figura_9_3__pdf_226__pag_9-4__recreated.png;tutte_le_figure_ricreate_ordinate/solid_state_figures_tables/capitolo_09/figura_9_3__pdf_226__pag_9-4__recreated.svg;Struttura a bande di semiconduttori n, intrinseci e p.
Solid State Physics;solid_state_figures_tables/capitolo_09;Figure;9.4;9;233;9-11;ricreata_da_verificare;tutte_le_figure_ricreate_ordinate/solid_state_figures_tables/capitolo_09/figura_9_4__pdf_233__pag_9-11__recreated.png;tutte_le_figure_ricreate_ordinate/solid_state_figures_tables/capitolo_09/figura_9_4__pdf_233__pag_9-11__recreated.svg;Mobilità elettronica di GaAs drogato e contributi dei principali processi di scattering.
Solid State Physics;solid_state_figures_tables/capitolo_09;Figure;9.5;9;234;9-12;ricreata_da_verificare;tutte_le_figure_ricreate_ordinate/solid_state_figures_tables/capitolo_09/figura_9_5__pdf_234__pag_9-12__recreated.png;tutte_le_figure_ricreate_ordinate/solid_state_figures_tables/capitolo_09/figura_9_5__pdf_234__pag_9-12__recreated.svg;Mobilità di elettroni e lacune nel silicio in funzione della concentrazione di drogante.
Solid State Physics;solid_state_figures_tables/capitolo_09;Figure;9.6;9;235;9-13;ricreata_da_verificare;tutte_le_figure_ricreate_ordinate/solid_state_figures_tables/capitolo_09/figura_9_6__pdf_235__pag_9-13__recreated.png;tutte_le_figure_ricreate_ordinate/solid_state_figures_tables/capitolo_09/figura_9_6__pdf_235__pag_9-13__recreated.svg;Mobilità elettronica in silicio n-drogato in funzione di temperatura e concentrazione di donatori.
Solid State Physics;solid_state_figures_tables/capitolo_09;Figure;9.7;9;236;9-14;ricreata_da_verificare;tutte_le_figure_ricreate_ordinate/solid_state_figures_tables/capitolo_09/figura_9_7__pdf_236__pag_9-14__recreated.png;tutte_le_figure_ricreate_ordinate/solid_state_figures_tables/capitolo_09/figura_9_7__pdf_236__pag_9-14__recreated.svg;Concentrazione elettronica in un semiconduttore drogato n in funzione della temperatura inversa.
Solid State Physics;solid_state_figures_tables/capitolo_09;Figure;9.8;9;237;9-15;ricreata_da_verificare;tutte_le_figure_ricreate_ordinate/solid_state_figures_tables/capitolo_09/figura_9_8__pdf_237__pag_9-15__recreated.png;tutte_le_figure_ricreate_ordinate/solid_state_figures_tables/capitolo_09/figura_9_8__pdf_237__pag_9-15__recreated.svg;Conducibilità, mobilità e concentrazione dei portatori in un semiconduttore n drogato.
Solid State Physics;solid_state_figures_tables/capitolo_09;Figure;9.9;9;239;9-17;ricreata_da_verificare;tutte_le_figure_ricreate_ordinate/solid_state_figures_tables/capitolo_09/figura_9_9__pdf_239__pag_9-17__recreated.png;tutte_le_figure_ricreate_ordinate/solid_state_figures_tables/capitolo_09/figura_9_9__pdf_239__pag_9-17__recreated.svg;Velocità di deriva di elettroni e lacune in silicio e germanio.
Solid State Physics;solid_state_figures_tables/capitolo_09;Figure;9.10;9;244;9-22;ricreata_da_verificare;tutte_le_figure_ricreate_ordinate/solid_state_figures_tables/capitolo_09/figura_9_10__pdf_244__pag_9-22__recreated.png;tutte_le_figure_ricreate_ordinate/solid_state_figures_tables/capitolo_09/figura_9_10__pdf_244__pag_9-22__recreated.svg;Potenziale chimico del silicio drogato n e p in funzione della temperatura.
Solid State Physics;solid_state_figures_tables/capitolo_09;Figure;9.11;9;247;9-25;ricreata_da_verificare;tutte_le_figure_ricreate_ordinate/solid_state_figures_tables/capitolo_09/figura_9_11__pdf_247__pag_9-25__recreated.png;tutte_le_figure_ricreate_ordinate/solid_state_figures_tables/capitolo_09/figura_9_11__pdf_247__pag_9-25__recreated.svg;Esperimento concettuale di assorbimento ottico a incidenza normale.
Solid State Physics;solid_state_figures_tables/capitolo_09;Figure;9.12;9;249;9-27;ricreata_da_verificare;tutte_le_figure_ricreate_ordinate/solid_state_figures_tables/capitolo_09/figura_9_12__pdf_249__pag_9-27__recreated.png;tutte_le_figure_ricreate_ordinate/solid_state_figures_tables/capitolo_09/figura_9_12__pdf_249__pag_9-27__recreated.svg;Classificazione delle transizioni ottiche in un semiconduttore compensato.
Solid State Physics;solid_state_figures_tables/capitolo_09;Figure;9.13;9;250;9-28;ricreata_da_verificare;tutte_le_figure_ricreate_ordinate/solid_state_figures_tables/capitolo_09/figura_9_13__pdf_250__pag_9-28__recreated.png;tutte_le_figure_ricreate_ordinate/solid_state_figures_tables/capitolo_09/figura_9_13__pdf_250__pag_9-28__recreated.svg;Spettro schematico di assorbimento ottico di un semiconduttore.
Solid State Physics;solid_state_figures_tables/capitolo_09;Figure;9.14;9;252;9-30;ricreata_da_verificare;tutte_le_figure_ricreate_ordinate/solid_state_figures_tables/capitolo_09/figura_9_14__pdf_252__pag_9-30__recreated.png;tutte_le_figure_ricreate_ordinate/solid_state_figures_tables/capitolo_09/figura_9_14__pdf_252__pag_9-30__recreated.svg;Transizioni ottiche dirette impossibili perché lo stato finale cade nel gap.
Solid State Physics;solid_state_figures_tables/capitolo_09;Figure;9.15;9;253;9-31;ricreata_da_verificare;tutte_le_figure_ricreate_ordinate/solid_state_figures_tables/capitolo_09/figura_9_15__pdf_253__pag_9-31__recreated.png;tutte_le_figure_ricreate_ordinate/solid_state_figures_tables/capitolo_09/figura_9_15__pdf_253__pag_9-31__recreated.svg;Stima del gap diretto di InAs mediante il grafico di alpha al quadrato.
Solid State Physics;solid_state_figures_tables/capitolo_09;Figure;9.16;9;253;9-31;ricreata_da_verificare;tutte_le_figure_ricreate_ordinate/solid_state_figures_tables/capitolo_09/figura_9_16__pdf_253__pag_9-31__recreated.png;tutte_le_figure_ricreate_ordinate/solid_state_figures_tables/capitolo_09/figura_9_16__pdf_253__pag_9-31__recreated.svg;Transizioni dirette consentite e vietate in un semiconduttore a gap diretto.
Solid State Physics;solid_state_figures_tables/capitolo_09;Figure;9.17;9;254;9-32;ricreata_da_verificare;tutte_le_figure_ricreate_ordinate/solid_state_figures_tables/capitolo_09/figura_9_17__pdf_254__pag_9-32__recreated.png;tutte_le_figure_ricreate_ordinate/solid_state_figures_tables/capitolo_09/figura_9_17__pdf_254__pag_9-32__recreated.svg;Transizione ottica indiretta assistita da un fonone.
Solid State Physics;solid_state_figures_tables/capitolo_09;Figure;9.18;9;255;9-33;ricreata_da_verificare;tutte_le_figure_ricreate_ordinate/solid_state_figures_tables/capitolo_09/figura_9_18__pdf_255__pag_9-33__recreated.png;tutte_le_figure_ricreate_ordinate/solid_state_figures_tables/capitolo_09/figura_9_18__pdf_255__pag_9-33__recreated.svg;Stima del gap indiretto del germanio mediante la radice del coefficiente di assorbimento.
Solid State Physics;solid_state_figures_tables/capitolo_09;Figure;9.19;9;256;9-34;ricreata_da_verificare;tutte_le_figure_ricreate_ordinate/solid_state_figures_tables/capitolo_09/figura_9_19__pdf_256__pag_9-34__recreated.png;tutte_le_figure_ricreate_ordinate/solid_state_figures_tables/capitolo_09/figura_9_19__pdf_256__pag_9-34__recreated.svg;Confronto tra eccitone di Wannier ed eccitone di Frenkel.
Solid State Physics;solid_state_figures_tables/capitolo_09;Figure;9.20;9;257;9-35;ricreata_da_verificare;tutte_le_figure_ricreate_ordinate/solid_state_figures_tables/capitolo_09/figura_9_20__pdf_257__pag_9-35__recreated.png;tutte_le_figure_ricreate_ordinate/solid_state_figures_tables/capitolo_09/figura_9_20__pdf_257__pag_9-35__recreated.svg;Assorbimento eccitonico vicino alla soglia di un semiconduttore diretto.
